7ee28c9367a98d48cc581f48e09ec986b10a92f4;Pegoku;Wed Aug 21 17:34:39 2024 +0200;finish
7273d50e307a64f93ea76d855048f75b25bb4791;Pegoku;Wed Aug 21 17:32:12 2024 +0200;update
3011529a7f1a3e83ebe6fa47ac6d2738a75b3d7e;Pegoku;Wed Aug 21 17:02:20 2024 +0200;update
6f6ca847453e326f9870458d4575eabdc81fcaec;Pegoku;Wed Aug 21 16:55:54 2024 +0200;update
cf574cafb8d5d487890dde9b193b346ea52ada69;Pegoku;Wed Aug 21 16:48:57 2024 +0200;update
18bd2c3365627f0ef1953b9d4b93a2972a5d4073;Pegoku;Wed Aug 21 16:43:47 2024 +0200;update
a9c3eb86d04ba950f40cc3d18444c34466b70769;Pegoku;Wed Aug 21 16:29:43 2024 +0200;update
c6601d6530a57d98bec0586b9868bef6f8f796e1;Pegoku;Wed Aug 21 16:27:50 2024 +0200;update
283ccdc580a2da684c7c91c6f010b8d21c70bbe3;Pegoku;Wed Aug 21 15:30:44 2024 +0200;update
6db02af44971bf56bf14bbd6f72d32495c93cf4b;Pegoku;Wed Aug 21 15:05:54 2024 +0200;buck
513f9041b1bf05ddfafa60da87ce2e8ca62f53a0;Pegoku;Tue Aug 20 16:50:58 2024 +0200;finish boost
265f06b685a759b6e28c1901af2cdfbbb0648a49;Pegoku;Tue Aug 20 16:48:33 2024 +0200;finish
06273c102eb3d4c4d5319322d9cc5335f039084f;Pegoku;Tue Aug 20 16:42:43 2024 +0200;update
2dc222fb5805896824c0aa80591a56bdc84345c2;Pegoku;Tue Aug 20 16:34:22 2024 +0200;update
74f81b904953c6fb99d2d87c587ec7144a6d3c76;Pegoku;Tue Aug 20 16:33:18 2024 +0200;update
bb7bc5afb028eab26cba5280c2aeba3852a026b2;Pegoku;Tue Aug 20 16:15:02 2024 +0200;update
aeb936565ab08ddbbd19d2003d5b753ae5065f9f;Pegoku;Tue Aug 20 16:14:56 2024 +0200;update
e6f97d59847026fd3bd7c950e0d067da2c38c8fa;Pegoku;Tue Aug 20 16:14:41 2024 +0200;update
4c11003d8e1c52c819b548c0f529b04cdab99ba6;Pegoku;Tue Aug 20 15:26:29 2024 +0200;update
45d89ce7e0342bb262722b52171b78ce392affa5;Pegoku;Sun Aug 18 21:05:13 2024 +0200;start
e54a24f5a2acc622d7ba8dcfdf3a161f5608cb5f;Pegoku;Sun Aug 18 21:04:00 2024 +0200;Initial commit